⋯你個頭,nei5 go3 tau4
⋯你條命,nei5 tiu4 meng6
⋯佢條命,keoi5 tiu4 meng6
⋯來⋯去,lai4 heoi3,lei4 heoi3
⋯到出汁,dou3 ceot1 zap1
⋯到唔恨,dou3 m4 han6
⋯到夠,dou3 gau3
⋯到死,dou3 sei2
⋯到甩肺,dou3 lat1 fai3
⋯到痹,dou3 bei3
⋯到痺,dou3 bei3
⋯到飛起,dou3 fei1 hei2
⋯到黐肺,dou3 ci1 fai3
⋯嚟⋯去,lai4 heoi3,lei4 heoi3
⋯就假,zau6 gaa2
⋯流流,lau4 lau4
⋯生晒,saang1 saai3
⋯進制,zeon3 zai3
⋯開有條路,hoi1 jau5 tiu4 lou6
⋯鬼⋯馬,gwai2 maa5
⺮,zuk1
⻊,zuk1
⻍,coek3
㓟,pai1
㔆,caam5
㔆手,caam5 sau2
㔼,seon2
㗱,zaap6,zep6,zep4
㗱㗱聲,zep4 zep2 seng1
㗲,waak1
㗾,hoe1,hoe4
㥋,ai1
㧾,fat1
㨆,lam3,lam6
㨘,saang2
㩋,sok1
㩒地游水,gam6 dei6 jau4 seoi2
㩧,bok1
㩧濕,bok1 sap1
㷹,zaau3
㾓,jyun1
䁪,zaam2
䁽,laap3
䂻,zaang6
䉺,hong2
䐥,ngong3,ngung3
䘒,zoe1
䞘,gat6
䟕,caa1
䠄,din2
䠄牀䠄席,din2 cong4 din2 zek6
䠄癮,din2 jan5
一噼泥,jat1 pek6 nai4
一嚿木,jat1 gau6 muk6
一家便宜兩家著數,jat1 gaa1 pin4 ji4 loeng5 gaa1 zoek6 sou3
一家輸三家,jat1 gaa1 syu1 saam1 gaa1
一般來説,jat1 bun1 loi4 syut3
七姐餅,cat1 ze2 beng2
三毫子小説,saam1 hou4 zi2 siu2 syut3
上什,soeng6 zaap6
上好沉香當爛柴,soeng6 hou2 cam4 hoeng1 dong3 laan6 caai4
下舖上居,haa6 pou3 soeng6 geoi1
不容分説,bat1 jung4 fan1 syut3
不消説,bat1 siu1 syut3
不由分説,bat1 jau4 fan1 syut3
不説不知,bat1 syut3 bat1 zi1
中中哋,zung1 zung1 dei2
中元法會,zung1 jyun4 faat3 wui2
主曆,zyu2 lik6
久一⋯久二⋯,gau2 jat1 gau2 ji6
乜嘢新絲蘿蔔皮,mat1 je5 san1 si1 lo4 baak6 pei5
乜東東芫茜葱,mat1 dung1 dung1 jin4 sai1 cung1,mat1 dung1 dung1 jim4 sai1 cung1
乜説話,mat1 syut3 waa6
乞⋯憎,hat1 zang1,haat1 zang1
乞兒兜度嗱飯食,hat1 ji1 dau1 dou6 naa2 faan6 sik6,haat1 ji1 dau1 dou6 naa2 faan6 sik6
乾巾,gon1 gan1
二撈七,ji6 lou1 cat1
五稜鏡,ng5 ling4 geng3
交個波俾⋯,gaau1 go3 bo1 bei2
交個波畀⋯,gaau1 go3 bo1 bei2
人頭税,jan4 tau4 seoi3
他他粉,taa1 taa1 fan2
以⋯為由,ji5 wai4 jau4
任⋯唔嬲,jam6 m4 nau1
伊文士,ji1 man4 si6
住家婆,zyu6 gaa1 po2,zyu6 gaa1 po4
例戲,lai6 hei3
依撈七,ji1 lou1 cat1
依文士,ji1 man4 si6
侵埋⋯玩,cam1 maai4 waan2
係又⋯唔係又⋯,hai6 jau6 m4 hai6 jau6
保⋯大,bou2 daai6
保温壺,bou2 wan1 wu2
俾個冬瓜你做膽,bei2 go3 dung1 gwaa1 nei5 zou6 daam2
俾個天你做膽,bei2 go3 tin1 nei5 zou6 daam2
俾西瓜皮⋯踩,bei2 sai1 gwaa1 pei4 caai2
俾鬼矺,bei2 gwai2 zaak6,bei2 gwai2 zaak3
俾鬼砸,bei2 gwai2 zaak6,bei2 gwai2 zaak3
個體户,go3 tai2 wu6
借⋯過橋,ze3 gwo3 kiu2
借閲,ze3 jyut6
假説,gaa2 syut3
做到隻屐咁,zou6 dou3 zek3 kek6 gam2
儳亂歌柄,caam6 lyun6 go1 beng3
光劣出,gwong1 lyut1 cyut1
光脱脱,gwong1 tyut1 tyut1
免税品,min5 seoi3 ban2
八仙枱,baat3 sin1 toi2
公説公有理,gung1 syut3 gung1 jau5 lei5
共聚天倫樂,gung6 zeoi6 tin1 leon4 lok6
典牀典蓆,din2 cong4 din2 zek6
冇得⋯,mou5 dak1
冇數為,mou5 sou3 wai4
冇殼蝸牛,mou5 hok3 wo1 ngau4
冇牙婆穿針,mou5 ngaa4 po4 cyun1 zam1
冠絕群倫,gun3 zyut6 kwan4 leon4
冧巴温,lam1 baa1 wan1
冰肉,bing1 juk6
分別為聖,fan1 bit6 wai4 sing3
分外事,fan6 ngoi6 si6
切卓咁轉,cit1 coet1 gam2 zyun3
前世欠⋯,cin4 sai3 him3
剒,cok3
劖,caam5
勒杜鵑,lak6 dou6 gyun1
勘輿,ham1 jyu4
勛銜,fan1 haam4
勹,baau1
勾朋結黨,ngau1 pang4 git3 dong2
包喺⋯身上,baau1 hai2 san1 soeng6
十⋯八⋯,sap6 bat3
十成著咗九成,sap6 sing4 zoek6 zo2 gau2 sing4
千足金,cin1 zuk1 gam1
卓爾不群,coek3 ji5 bat1 kwan4
卼,ngat6
厴,jim2
厾,duk1
取消文化,ceoi2 siu1 man4 faa3
口𣲷濕,hau2 nap6 sap1
叮叮凳凳,ding4 ding1 dam4 dam3,ding1 ding1 dam3 dam3,ding4 ding1 dam3 dam3
右優,jau6 jaau1,jau6 aau1
右囿,jau6 jaau1,jau6 aau1
司馬両,si1 maa5 loeng2
司馬斤,si1 maa5 gan1
吊泥艋,diu3 nai4 maang1
同⋯有親,tung4 jau5 can1
吸濕劑,kap1 sap1 zai1
呵瀝,ho1 lik1
和顏悦色,wo4 ngaan4 jyut6 sik1
咕窿,gu1 lung1
咕竉,gu1 lung1
咽韌,jin1 ngan6
哀歎,oi1 taan3
品脱,ban2 tyut3
哽哽聲,ngang4 ngang2 seng1
唐貨舖,tong4 fo3 pou2
唔係⋯嗰皮,m4 hai6 go2 pei4
唔係⋯手腳,m4 hai6 sau2 goek3
唔啱蕎,m4 ngaam1 kiu2
唔單祇,m4 daan1 zi2
唔淨祇,m4 zing6 zi2
唔發火當⋯病貓,m4 faat3 fo2 dong3 beng6 maau1
唧係話,zik1 hai6 waa6,zek1 hai6 waa6
啦㨢,naa1 nang3,laa1 lang3
啱啱碰著剛剛,ngaam1 ngaam1 pung3 zoek6 gong1 gong1
啱蕎,ngaam1 kiu2
喝生晒,hot3 saang1 saai3
嗍,sok3
嗰濟,go4 zai3,go4 zai6,gwo4 zai3,gwo4 zai6
嘰嘰屹屹,gi4 gi1 gat6 gat6,gi4 gi1 gat4 gat4,gi4 gi4 gat4 gat4,gi1 gi1 gat6 gat6
嘰嘰訖訖,gi4 gi1 gat6 gat6,gi4 gi1 gat4 gat4,gi4 gi4 gat4 gat4,gi1 gi1 gat6 gat6
嘰嘰𠺝𠺝,gi4 gi1 gat6 gat6,gi4 gi1 gat4 gat4,gi4 gi4 gat4 gat4,gi1 gi1 gat6 gat6
嘰屹,gi1 gat6
嘰訖,gi1 gat6
嘰𠺝,gi1 gat6
嘴喵喵,zeoi2 miu2 miu2
嘴妙妙,zeoi2 miu2 miu2
噆,cam3
囈囈篩篩,ai1 ai1 sai1 sai1,ngai1 ngai1 sai1 sai1
囈求,ngai1 kau4,ai1 kau4
圓榃陀,jyun4 dam4 doe4
土地婆,tou2 dei2 po2
坎頭埋牆,ham2 tau2 maai4 coeng5
坐攝,zo6 sip1
垽,ngan6
報税佬,bou3 seoi3 lou2
墨魚骨,mak6 jyu4 gwat1
墳場發電機,fan4 coeng4 faat3 din6 gei1
壓牙,ngaat6 ngaa4
夔龍紋,kwai4 lung4 man4
夙夜為謀,suk1 je6 wai4 mau4
多得⋯唔少,do1 dak1 m4 siu2
大⋯特⋯,daai6 dak6
大位事,daai6 wai6 si6
大嘆特嘆,daai6 taan3 dak6 taan3
大肚腍耽,daai6 tou5 lam4 dam1
大蝦細俾屎餵,daai6 haa1 sai3 bei2 si2 wai3
大話𢫏大話,daai6 waa6 kam2 daai6 waa6
大轆藕抬色,daai6 luk1 ngau5 toi4 sik1
大面缽,daai6 min6 but3
天光戲,tin1 gwong1 hei3
天城字,tin1 sing4 zi6
失温症,sat1 wan1 zing3
奀支支,ngan1 zi1 zi1
奅,paau3
奈⋯乜何,noi6 mat1 ho4
奈⋯唔何,noi6 m4 ho4
女神套房,neoi5 san4 tou3 fong2
好⋯唔⋯,hou2 m4
好天裝冇地載,hou2 tin1 zong1 mou5 dei6 zoi3
好眉好貌生沙虱,hou2 mei4 hou2 maau6 saang1 saa1 sat1
妹仔梯,mui1 zai2 tai1
姣屍燉篤,haau4 si1 dan3 duk1
姩,nin1,lin1
威也吊燈籠,wai1 jaa2 diu3 dang1 lung4
娛頭,jyu4 tau4
婄,pau3
婆乸型,po4 naa2 jing4
孖屐亭,maa1 ket4 ting4
存户,cyun4 wu6
家基冷,gaa6 gi6 laang1
家醜不出外揚,gaa1 cau2 bat1 ceot1 ngoi6 joeng4
實話實説,sat6 waa6 sat6 syut3
審閲,sam2 jyut6
將臨期,zoeng1 lam4 kei4
尿崩症,niu6 bang1 zing3
居家兵,goe1 gaa4 bing1
屎波架生多,si2 bo1 gaa3 saang1 do1
屙勃勃,o1 but6 but6
屙細,o1 sai3
屙遏尿,o1 at1 niu6
左囿,zo2 jaau1,zo2 aau1
常温常壓,soeng4 wan1 soeng4 aat3
幡竿燈籠,faan1 gon1 dang1 lung4
平腰,ping4 jiu1
幾⋯下,gei2 haa5
廹,baak1
廹鈕,baak1 nau2
弗弗哋,fat1 fat1 dei2
強脊,koeng2 zek3
彳亍咁轉,cit1 coet1 gam2 zyun3
律音管,leot6 jam1 gun2
得個⋯字,dak1 go3 zi6
微細血管,mei4 sai3 hyut3 gun2
心往神馳,sam1 wong5 san4 ci4
心悦誠服,sam1 jyut6 sing4 fuk6
心謀不軌,sam1 mau4 bat1 gwai2
恭賀語,gung1 ho6 jyu5
惡死睖瞪,ok3 si2 nang4 dang1,ok3 sei2 nang4 dang1
想創⋯個心,soeng2 cong3 go3 sam1
想唔⋯都幾難,soeng2 m4 dou1 gei2 naan4
愩,gung3
慈航普渡,pou2 dou6 ci4 hong4
慳濕,haan1 sap1
慳税,haan1 seoi3
憮,mou5
懷古惜今,waai4 gu2 sik1 gam1
懸針紋,jyun4 zam1 man4
扁通,bin2 tung1
扊扅,jim5 ji4
手扳眼見功夫,sau2 baan2 ngaan5 gin3 gung1 fu1
手扳眼見工夫,sau2 baan2 ngaan5 gin3 gung1 fu1
手毬,sau2 kau4
扒灰公,paa4 fui1 gung1
打爛沙盆問到篤,daa2 laan6 saa1 pun4 man6 dou3 duk1
打爛沙盆璺到篤,daa2 laan6 saa1 pun4 man6 dou3 duk1
打爛齋缽,daa2 laan6 zaai1 but6
打鑼咁揾,daa2 lo2 gam2 wan2,daa2 lo2 gam3 wan2
打鑼都揾唔倒,daa2 lo2 dou1 wan2 m4 dou2
打開天窗説亮話,daa2 hoi1 tin1 coeng1 syut3 loeng6 waa6
打雀咁眼,daa2 zoek2 gam1 ngaam2
扠禍,caa5 wo5
扮嗮嘢,baan6 saai3 je5
扶柩,fu4 gau3
批個頭俾你當凳坐,pai1 go3 tau2 bei2 nei5 dong3 dang3 co5,pai1 go3 tau4 bei2 nei5 dong3 dang3 co5
批個頭俾你當櫈坐,pai1 go3 tau2 bei2 nei5 dong3 dang3 co5,pai1 go3 tau4 bei2 nei5 dong3 dang3 co5
批個頭畀你當凳坐,pai1 go3 tau2 bei2 nei5 dong3 dang3 co5,pai1 go3 tau4 bei2 nei5 dong3 dang3 co5
批個頭畀你當櫈坐,pai1 go3 tau2 bei2 nei5 dong3 dang3 co5,pai1 go3 tau4 bei2 nei5 dong3 dang3 co5
批個頭落嚟俾你當凳坐,pai1 go3 tau2 lok6 lai4 bei2 nei5 dong3 dang3 co5,pai1 go3 tau4 lok6 lai4 bei2 nei5 dong3 dang3 co5
批個頭落嚟俾你當櫈坐,pai1 go3 tau2 lok6 lai4 bei2 nei5 dong3 dang3 co5,pai1 go3 tau4 lok6 lai4 bei2 nei5 dong3 dang3 co5
批個頭落嚟畀你當凳坐,pai1 go3 tau2 lok6 lai4 bei2 nei5 dong3 dang3 co5,pai1 go3 tau4 lok6 lai4 bei2 nei5 dong3 dang3 co5
批個頭落嚟畀你當櫈坐,pai1 go3 tau2 lok6 lai4 bei2 nei5 dong3 dang3 co5,pai1 go3 tau4 lok6 lai4 bei2 nei5 dong3 dang3 co5
批閲,pai1 jyut6
承上啓下,sing4 soeng6 kai2 haa6
把口瑯過油,baa2 hau2 long2 gwo3 jau4
把口過油,baa2 hau2 long2 gwo3 jau4
披閲,pei1 jyut6
抳,nei4
抽濕劑,cau1 sap1 zai1
拜枱,baai3 toi2
拞,jau1
持証人,ci4 zing3 jan4
指天督地,zi2 tin1 duk1 dei6
挨屏,aai1 peng1
挱,saa3
捉刀人,zuk1 dou1 jan4
捵癮,din2 jan5
掅,cing3
掉哪媽,diu2 naa5 maa1
掘頭進士,gwat6 tau4 zeon3 si6
掙脱,zang1 tyut3
探題,taam3 tai4
推錢機,teoi1 cin2 gei1
掭,tim5
掱,paa4
揆情度理,kwai4 cing4 dok6 lei5
揆時度勢,kwai4 si4 dok6 sai3
揗,tan4
換句話説,wun6 geoi3 waa6 syut3
揢,kak1
揾丁,wan2 ding1
揾來搞,wan2 lei4 gaau2,wan2 lai4 gaau2
揾來講,wan2 lai4 gong2,wan2 lei4 gong2
揾個銀刮痧都冇,wan2 go3 ngan4 gwaat3 saa1 dou1 mou5
揾四方錢,wan2 sei3 fong1 cin4
揾朝唔得晏,wan2 ziu1 m4 dak1 aan3
揾朝唔得晚,wan2 ziu1 m4 dak1 maan5
揾米路,wan2 mai5 lou6
揾銀紙,wan2 ngan4 zi2
揾錢買花戴,wan2 cin2 maai5 faa1 daai3
搉,kok1
搓皮,caa1 pei2
搓魚蛋,caai1 jyu4 daan2
搰,wat6
摘數,zaak6 sou3
摞低,leoi1 dai1
摥,tong3
摵眉,cik1 mei4
摻埋⋯玩,cam1 maai4 waan2
撇脱,pit3 tyut3
撍,cim4
撏,cim4
撬馬腳,giu6 maa5 goek3
播音台,bo3 jam1 toi4
擏,geng6
擔雪填井,daam1 syut3 tin4 zeng2
擙,ngou1,ou1
擴充咭,kwong3 cung1 kaa1
攊,nik1
攋嘢,laai2 je5
攣住,lyun1 zyu6
攣弮蝦米,lyun1 gung1 haa1 mai5
攪攪棍,gaau2 gaau2 gwan3
放低二両,fong3 dai1 ji6 loeng2
放低幾両,fong3 dai1 gei2 loeng2
放圮,fong3 pe5
散仔強,saan4 zai2 koeng4
整煲杰嘢人嘆,zing2 bou1 git6 je5 jan4 taan3
斗姆,dau2 mou5
斗姥,dau2 mou5
斵,doek3
旋水髮,syun4 seoi2 faat3
日⋯夜⋯,jat6 je6
日偏蝕,jat6 pin1 sik6
日本円,jat6 bun2 jen1
昆玉,kwan1 juk2
昧水銅人,mei6 seoi2 tung4 jan4
晒月光,saai3 jyut6 gwong1
晒馬檻,saai3 maa5 laam2
暫亂歌柄,zaam6 lyun6 go1 beng3
更弦易轍,gang1 jin4 ji6 cit3
書信館,syu1 seon3 gun2
書坊舖,syu1 fong1 pou2
替芯,tai3 sam1
有人就人冇人就陳大文,jau5 jan4 zau6 jan4 mou5 jan4 zau6 can4 daai6 man4
有兩道散手,jau5 loeng5 dou6 saan2 sau2
有冤屈無路訴,jau5 jyun1 wat1 mou4 lou6 sou3
有咁⋯得咁⋯,jau5 gam3 dak1 gam3
朋友妻不可戲,pang4 jau5 cai1 bat1 ho2 hei3
望君嘗糞,mong6 gwan1 soeng4 fan3
未水銅人,mei6 seoi2 tung4 jan4
杬豉,laam2 si6
杰𠱂𠱂,git6 dat1 dat1
林冧冧,lam4 lam1 lam3
枱裙,toi2 kwan4
桃酌,tou4 zoek3
梳粧枱,so1 zong1 toi2
棺材頭燒炮仗,gun1 coi4 tau4 siu1 paau3 zoeng2
椎心泣血,zeoi1 sam1 jap1 hyut3
椗呤鄧㨢,ding4 ling1 dang6 lang3
槽肥,cou4 fei4
樴,dak6
欖豉,laam2 si6
欠行,him3 hang4
欼,ci2
歸納論証,gwai1 naap6 leon6 zing3
死⋯爛⋯,sei2 laan6
殀殀哂哂,laai4 laai4 saai4 saai4
殮屍,lim5 si1
氕,pit3
汭,jeoi5,jeoi6
汾流,fan1 lau4
沒水銅人,mei6 seoi2 tung4 jan4
沬水銅人,mei6 seoi2 tung4 jan4
泥掽,nai4 baan6
泥水佬造門,nai4 seoi2 lou2 zou6 mun4
浭,gaang3
消毒爐,siu1 duk6 lou4
涼粉草,loeng4 fan2 cou2
淡過貓尿,taam5 gwo3 maau1 niu6
渧,dai3
温仔,wan1 zai2
温女,wan1 neoi2
温文儒雅,wan1 man4 jyu4 ngaa5
温暖牌,wan1 nyun5 paai4
温温燉,wan1 wan1 dan6
温温燉燉,wan1 wan1 dan6 dan6
温牀,wan1 cong4
温馴,wan1 seon4
渳,mei1
渻,saang2
湓,pan4
滑脱脱,waat6 tyut3 tyut3
滰,king4
漏埗,lau6 bau6
漏窗,lau6 coeng1
演繹論証,jin2 jik6 leon6 zing3
漮,hong2
潺茄,saan4 ke2
澒,hung6
澩嫪,laau2 gaau6
激死老母揾山拜,gik1 sei2 lou5 mou2 wan2 saan1 baai3
激死老豆揾山拜,gik1 sei2 lou5 dau6 wan2 saan1 baai3
濕唧唧,sap1 zet4 zet4
濕水欖,sap1 seoi2 laam2
濕水狗上岸,sap1 seoi2 gau2 soeng5 ngon6
濕水雞,sap1 seoi2 gai1
濕淰淰,sap1 nam6 nam6
濕笛笛,sap1 det4 det4,sap1 det6 det6
火焰雪山,fo2 jim6 syut3 saan1
火燄雪山,fo2 jim6 syut3 saan1
火船仔細機器大,fo2 syun4 zai2 sai3 gei1 hei3 daai6
火葬紙,fo2 zong3 zi2
灶君跌落鑊,zou3 gwan1 dit3 lok6 wok6
灶窟,zou3 fat1
灶蝦,zou3 haa1
炒孖更,caau2 maa1 gaang1
炒老世魷魚,caau2 lou5 sai3 jau4 jyu2
炖翁,deon3 jung1
炮尖,paau3 zim1
炸牛屎,zaa3 ngau4 si2
為起嚟,wai4 hei2 lei4
烏吓烏吓,wu1 haa5 wu1 haa5
烏喱馬叉,wu1 li1 maa1 caa1
無天裝無地葬,mou5 tin1 zong1 mou5 dei6 zong3
無天裝無地載,mou5 tin1 zong1 mou5 dei6 zoi3
煀,wat1
煙槓,jin1 gong3
煙灰罌,jin1 fui1 ngaang1
煙精,jin1 zing1
煙骨,jin1 gwat1
照⋯可也,ziu3 ho2 jaa5
熛,biu1
熟煙,suk6 jin1
熰,au3
燒冷灶,siu1 laang5 zou3
燒到⋯嗰疊,siu1 dou3 go2 daap6
燒台炮,siu1 toi4 paau3
燒埋⋯嗰疊,siu1 maai4 go2 daap6
燒枱炮,siu1 toi4 paau3
爆馬欄,baau3 maa5 laam2
爭一個馬鼻,zaang1 jat1 go3 maa5 bei6
爭個馬鼻,zaang1 go3 maa5 bei6
爭先㧬後,zang1 sin1 ung2 hau6,zaang1 sin1 ung2 hau6
牙吖仔,ngaa4 ngaa1 zai2
犯天下之大不韙,faan6 tin1 haa6 zi1 daai6 bat1 wai5
狎暱,haap3 nik1
狗都唔吼,gou2 dou1 m4 hau1
獞,zong6
獨擅勝場,duk6 sin6 sing3 coeng4
玉扣紙,juk6 kau3 zi2
璺,man6
瓩,cin1 ngaa5
甏,paang1
甘草欖,gam1 cou2 laam2
生番薯,saang1 faan1 syu4
生蟲枴杖,saang1 cung4 gwaai2 zoeng2
生雞熟鴨,saang1 gai1 suk6 aap3
甴曱屎,gaat6 zaat2 si2
畀個官你做,bei2 go3 gun1 nei5 zou6
畀西瓜皮⋯踩,bei2 sai1 gwaa1 pei4 caai2
番薯跌落灶,faan1 syu2 dit3 lok6 zou3
異卵雙生,ji6 leon2 soeng1 sang1
當神噉拜,dong3 san4 gam2 baai3
當老肯,dong1 lou5 hang2
當自己屋企得喇,dong3 zi6 gei2 uk1 kei2 dak1 laa3
疒,nik6
痶,din2
痶牀痶席,din2 cong4 din2 zek6
痶癮,din2 jan5
痾勃勃,o1 but6 but6
痾尿唔出賴風猛,o1 niu6 m4 ceot1 laai6 fung1 maang5
瘦骨拉柴,sau3 gwat1 laai4 caai4
癪,zik1
發䒐䒏,faat3 mang2 zang2
發仔狂,faat3 zai2 kwong4
發女狂,faat3 neoi5 kwong4
發姣發躉,faat3 haau4 faat3 dan3
發蹄騰,faat3 ti4 tang4
白賴晒,baak6 laai4 saai4
白頭人送黑頭終,baak6 tau4 jan4 sung3 hak1 tau4 zung1,baak6 tau4 jan4 sung3 haak1 tau4 zung1
白𩶘,baak6 laap6
百加利,baak3 gaa1 lei2,baak3 gaa1 lei6
皇家垃圾,wong4 gaa1 laap6 saap3
監粗嚟呀,gaam3 cou1 li4 jaa4,gaam6 cou1 li4 jaa4
真·,zan1 dim2
眾説紛紜,zung3 syut3 fan1 wan4
睇⋯頭,tai2 tau2
睇在⋯份上,tai2 zoi6 fan6 soeng6
督口督鼻,duk1 hau2 duk1 bei6
睬⋯都有味,coi2 dou1 jau5 mei6
瞞税,mun4 seoi3
瞸,hip3
瞸埋眼,hip1 maai4 ngaan5
矮茄,ai2 ke2
矯揉做作,giu1 jau4 zou6 zok3
砂帶機,saa1 daai3 gei1
砂紙機,saa1 zi2 gei1
砸界,zaak3 gaai3,zaak6 gaai3
硬摑摑,ngaang6 gwak6 gwak6,ngaang6 gwang6 gwang6
碇方,deng6 fong1
碌吉,luk1 git6
碌死老鼠,luk1 sei2 lou5 syu2
磨灰,mo4 fui1
祕書台,bei3 syu1 toi4
神枱桔,san4 toi2 gat1
税務師,seoi3 mou6 si1
税基,seoi3 gei1
税階,seoi3 gaai1
稟神咁聲,ban2 san4 gam4 seng1
窗鈎,coeng1 ngau1
窩河,wo1 ho2,wo1 ho5
窮風流餓快活,kung4 fung1 lau4 ngo6 faai3 wut6
窺覬,kwai1 gei3
竹籮打水,zuk1 lo1 daa2 seoi2
竻,lak1
笑𫬷𫬷,siu3 ke4 ke4
笝,naap3
笡,ce3
笭,leng1
等閑之輩,dang2 haan4 zi1 bui3
箍筍,ku1 seon2
篤鼻哥,duk1 bei6 go1
篦,bei6,bei2
精精哋,zeng1 zeng1 dei2
糖葱餅,tong4 cung1 beng2
納税,naap6 seoi3
索鈎,sok3 ngau1
綯,tou4
緄,kwan2
總的來説,zung2 dik1 loi4 syut3
纊,kwang3
老爺鐘,lou5 je4 zung1
而字咁手,ji4 zi6 gam2 sau2
耳聞不如眼見,ji5 man4 bat1 jyu4 ngaan5 gin3
耷濕,dap1 sap1
耽波鐘,dam6 bo1 zung1,dam3 bo1 zung1
耽症,dam1 zing3
聞道有先後,man4 dou6 jau5 sin1 hau6
肕,ngan6
肥揗揗,fei4 tan4 tan4
肥淋淋,fei4 nam6 nam6
胎囊,toi1 nong4
胡説八道,wu4 syut3 baat3 dou6
能歌擅舞,nang4 go1 sin6 mou5
脊飾,zek3 sik1
脱光,tyut3 gwong1
脱星,tyut3 sing1
脱稿,tyut3 gou2
脱險,tyut3 him2
腡,wo5
腬,nau6
膝頭哥對上就係脾,sat1 tau4 go1 deoi3 soeng6 zau6 hai6 bei2
膼,gwaa1
自圓其説,zi6 jyun4 kei4 syut3
舐屎忽,laai2 si2 fat1
舞龍噉舞,mou5 lung4 gam2 mou5
艇户,teng3 wu6
艔,dou2
芳踪,fong1 zung1
荒郊野嶺,fong1 gaau1 je5 leng5
荔芋,lai6 wu6
菢,bou6
菩達,pou4 daat6
萬字底,maan6 zi6 dai2
落⋯面,lok6 min2
落雨絲濕,lok6 jyu5 si1 sap1
葱皮紙,cung1 pei4 zi2
蒐証,sau2 zing3
蒲薘,pou4 daat6
蔗渣咁嘅價錢,ze3 zaa1 gam2 ge3 gaa3 cin4
蕌頭,kiu5 tau4
薳,jyun5
藤條燘豬肉,tang4 tiu2 man1 zyu1 juk6
藭,kung1,kung4
藴藏,wan5 cong4
蘆菇,lou4 gu1
蘿蔔褲,lo4 baak6 fu3
虍,fu1
蛇行鼠步,se4 hang4 syu2 bou6
蝴蝶褶,wu4 dip6 zaap6
蟹䚗,haai5 gong6
蟹奄,haai5 jim2
蟹槓,haai5 gong6
衒,jin2
補粧,bou2 zong1
裹蒸粽,gwo2 zing1 zung2,gwo2 zing1 zung3
褲囊,fu3 nong6
西臺灣,sai1 toi4 waan1
訁,jin4
訂户,deng6 wu6
訴説,sou3 syut3
話⋯就⋯,waa6 zau6
説笑,syut3 siu3
説詞,syut3 ci4
課税,fo3 seoi3
談天説地,taam4 tin1 syut3 dei6
談情説愛,taam4 cing4 syut3 oi3
論説,leon6 syut3
講笑揾第樣,gong2 siu3 wan2 dai6 joeng2
謝灶,ze6 zou3
謯,zaa2
識⋯老鼠,sik1 lou5 syu2
譭譽參半,wai2 jyu6 caam1 bun3
豬屎渣,zyu1 si2 zaa2
貴氣體,gwai3 hei3 tai2
賞心悦目,soeng2 sam1 jyut6 muk6
賣布唔帶尺,maai6 bou3 m4 daai3 cek3
賦税,fu3 seoi3
賭枱底,dou2 toi2 dai2
賴賴哂哂,laai4 laai4 saai4 saai4
贈閲,zang6 jyut6
趣趣哋,ceoi3 ceoi2 dei2
趻,dam6
趻腳,dam6 goek3
跛手太監,bai1 sau2 taai3 gaam3
路畸唇,lou6 kei1 seon4
跳虱市場,tiu3 sat1 si5 coeng4
蹱,zung1
蹺口㔆手,kiu2 hau2 caam5 sau2
躽,jin2
軭,waang1
輕輕哋,heng6 heng1 dei2
輸一個馬鼻,syu1 jat1 go3 maa5 bei6
轉吓眼,zyun2 haa5 ngaan5
辛苦揾嚟志在食,san1 fu2 wan2 lei4 zi3 zoi6 sik6
辛苦揾嚟自在食,san1 fu2 wan2 lei4 zi6 zoi6 sik6
近鄉情怯,gan6 hoeng1 cing4 hip3
迫鈕,baak1 nau2
送俾我都唔吼啦,sung3 bei2 ngo5 dou1 m4 hau1 laa1
進退維艱,zeon3 teoi3 wai4 gaan1
遊糊,jau4 wu2,jau4 fu2
過後媒人秋後扇,gwo3 hau6 mui4 jan4 cau1 hau6 sin3
過頭説話,gwo3 tau4 syut3 waa6
酒麴,zau2 guk1
金蟬脱殼,gam1 sim4 tyut3 hok3
釒,gam1
釘牀,deng1 cong4
釣起嚟賣,diu3 hei2 lai4 maai6,diu3 hei2 lei4 maai6
釣高嚟賣,diu3 gou1 lai4 maai6,diu3 gou1 lei4 maai6
鈕型電,nau2 jing4 din6
銀銀聲,ngang4 ngang2 seng1
銾,hung6
鋤頭唔響番薯唔香,co4 tau2 m4 hoeng2 faan1 syu2 m4 hoeng1
鋭不可當,jeoi6 bat1 ho2 dong1
鋭角,jeoi6 gok3
鋹雞,caang4 gai1
鍟,seng1
鎝,taap3
鏍銯頭,lo4 si1 tau2
鐳屎,leoi1 si2
鐵版神數,tit3 baan2 san4 sou3
鐵版神算,tit3 baan2 san4 syun3
長話短説,coeng4 waa6 dyun2 syut3
門户之見,mun4 wu6 zi1 gin3
開⋯次方,hoi1 ci3 fong1
開口𤜯著脷,hoi1 hau2 gap6 zoek6 lei6
開平粽,hoi1 ping4 zung2
開火爨,hoi1 fo2 cyun3
閲人無數,jyut6 jan4 mou4 sou3
閲讀室,jyut6 duk6 sat1
阿吱阿咗摩洛哥,aa3 zi1 aa3 zo1 mo1 lok6 go1
阿芝阿佐,aa3 zi1 aa3 zo1
陰陽手,jam1 joeng4 sau2
陸雲廷睇相,luk6 wan4 ting4 tai2 soeng3
雞尾歌,gai1 mei5 go1
雲板,wan4 baan2
霎吓霎吓,saap6 haa5 saap6 haa5
青果領,cing1 gwo2 ling5
靚立立,ling3 laap3 laap3
靸,taat3
鞋颯颯,haai4 saap6 saap6,haai4 sep6 sep6
頂風作案,ding2 fung1 zok3 on3
額菲爾士峰,ngaak6 fei1 ji5 si6 fung1
風琴袋,fung1 kam4 doi2
飛頭散髮,fei1 tau4 saan2 faat3
飠,sik6
飯衣,faan6 ji1
養精蓄鋭,joeng5 zeng1 cuk1 jeoi6
餐揾餐食餐餐清,caan1 wan2 caan1 sik6 caan1 caan1 cing1
饔,jung1
首不先,sau2 bat1 sin1
香燭舖,hoeng1 zuk1 pou2
馬屎憑官勢,maa5 si2 pang4 gun1 sai3
騎呢拐,ke4 le4 gwaai2
驚到飆尿,geng1 dou3 biu1 niu6
髆,bok3
髈,bong2
體温計,tai2 wan1 gai3
魚脂,jyu4 zi1
魯班尺,lou5 baan1 cek3
鯿,bin2
鴨仔聽雷公,aap3 zai2 teng1 leoi4 gung1
鴨朴,aap3 pok3
鴨細膍胵大,aap3 sai3 fu4 ci3 daai6
鴨腳栗,aap3 goek3 suk1
鵚,tuk1
鹹白鴿,haam4 baak6 gaap3,haam4 baak6 gaap2
麪撈,min6 lou1
麪醬,min6 zoeng3
黃六醫生,wong4 luk6 ji1 sang1
黃喉,wong4 hau4
黐黐笠笠,ci1 ci1 nap6 nap6
黑咪蚊,hak1 mi1 mang1,haak1 mi1 mang1
黑瞇蚊,hak1 mi1 mang1,haak1 mi1 mang1
點閲,dim2 jyut6
齮齮齕齕,gi4 gi1 gat6 gat6,gi4 gi1 gat4 gat4,gi4 gi4 gat4 gat4,gi1 gi1 gat6 gat6
龍穿鳳翼,lung4 cyun1 fung6 jik6
𠆩,faan2
𠜱,pai1
𠠝,lek6
𠮨,laai3,naai3
𠱂,dat1
𠱃,nip1
𠴕,miu2
𠵾,waak1
𠵾𠵾,waak1 waak1
𠸎,naa1,laa1
𠸎脷,laa2 lei6,naa2 lei6
𠹇,be1
𠹷,ngo4
𠹻,zam6
𠼭,but1
𠿪,gaa2
𡁆,lok1
𡃀,e1,nge1
𡃈,kwaak1
𡃉,gaa3
𡃴,ceoi4
𢞵,fit1
𢪎,faak3,faak6
𢫕,wing6
𢫨,ung2,ngung2
𢬿,kaai4,kaai3,gaai5
𢱢,sok1
𢲩,kap1
𢳆,ngou4
𢴈,daat3
𢴒,paang1
𢴩,bat1,fat1,pat1
𢺳,maan1
𤆣,saap6
𤌍,hok3
𤜯,kap6,gap6
𤣩,juk6
𥀬,jim2
𥇣,gwat6
𥊙,zong1
𦖿,dap1
𦢊,pok1
𦻐,zaau3
𧕴,naan3
𧢝,lai6
𧥺,kwan1
𧧝,ngaa6
𧴯,me1
𨀤,leoi1
𨅝,jaang3
𨅝枱腳,jaang3 toi2 goek3
𨉖,nei1
𨭌,paang1
𩓥,ngok6
𪘲,ji1
𬒔,ang2,ngang2
𭉝,syu4
𭉝𭉝,syu4 syu2
